{"cameraMode":{"drawMode":0,"name":"Shaded","section":"Shading Mode"},"sceneLighting":false,"audioPlay":false,"sceneViewState":{"m_AlwaysRefresh":false,"showFog":true,"showSkybox":true,"showFlares":true,"showImageEffects":true,"showParticleSystems":true,"showVisualEffectGraphs":true,"m_FxEnabled":true},"in2DMode":false,"pivot":{"x":-307.56292724609377,"y":165.2825469970703,"z":919.5845336914063},"rotation":{"x":-0.10778552293777466,"y":-0.012236167676746846,"z":0.0013276315294206143,"w":-0.9941198825836182},"size":482.1829528808594,"orthographic":true}