{"cameraMode":{"drawMode":0,"name":"Shaded","section":"Shading Mode"},"sceneLighting":false,"audioPlay":false,"sceneViewState":{"m_AlwaysRefresh":false,"showFog":true,"showSkybox":true,"showFlares":true,"showImageEffects":true,"showParticleSystems":true,"showVisualEffectGraphs":true,"m_FxEnabled":false},"in2DMode":false,"pivot":{"x":0.01789155602455139,"y":0.07649171352386475,"z":-0.017435666173696519},"rotation":{"x":-0.0026159966364502908,"y":-0.9946230053901672,"z":0.10029776394367218,"w":-0.025940176099538804},"size":0.37079599499702456,"orthographic":true}